{
  "train_loss": [
    1.1203963203976552,
    0.5897521457324425,
    0.3671295565242569,
    0.2348968586884439,
    0.16849106561858207,
    0.12037282260522868,
    0.09671936287971523,
    0.06224043801194057,
    0.06032333764596842,
    0.04485515161165191,
    0.03624906948001202,
    0.033000701530302955,
    0.027854442482445545,
    0.0256324609896789,
    0.02516726288680123,
    0.027956425189283134,
    0.023194052981125424,
    0.019267730224479845,
    0.0178268460167601,
    0.02192929885313788,
    0.01505071684490152,
    0.01595127981515058,
    0.0169311247297325,
    0.013273107089844416,
    0.018322716690211866,
    0.01028658604930873,
    0.009295936277946263,
    0.008780177043566558,
    0.007157816175701252,
    0.005536269391086535,
    0.00690789908928006,
    0.007142003481324839,
    0.005057151873643306,
    0.005731902920767122,
    0.007801049723866527,
    0.005621066917380328,
    0.005636785085850231,
    0.005026415575230203,
    0.0034158078702451653,
    0.004720629409045311,
    0.005374335927929981,
    0.006960102053653827,
    0.00354065506629316,
    0.002756740788830333,
    0.006708645730592859,
    0.003808514068623481,
    0.003750908296827523,
    0.0030792565275987727,
    0.0029960135714948897,
    0.003443334694566147
  ],
  "train_acc": [
    0.5862630208333334,
    0.7884114583333334,
    0.8736979166666666,
    0.9163411458333334,
    0.9440104166666666,
    0.9638671875,
    0.966796875,
    0.9853515625,
    0.98046875,
    0.9886067708333334,
    0.9895833333333334,
    0.9886067708333334,
    0.9905598958333334,
    0.9925130208333334,
    0.9908854166666666,
    0.9889322916666666,
    0.9925130208333334,
    0.9931640625,
    0.9944661458333334,
    0.9938151041666666,
    0.994140625,
    0.9954427083333334,
    0.9934895833333334,
    0.9964192708333334,
    0.9934895833333334,
    0.9977213541666666,
    0.998046875,
    0.998046875,
    0.9986979166666666,
    0.9986979166666666,
    0.9986979166666666,
    0.9977213541666666,
    0.9986979166666666,
    0.9986979166666666,
    0.9977213541666666,
    0.998046875,
    0.9983723958333334,
    0.9986979166666666,
    0.9996744791666666,
    0.9986979166666666,
    0.9993489583333334,
    0.998046875,
    0.9993489583333334,
    0.9993489583333334,
    0.998046875,
    0.9990234375,
    0.9990234375,
    0.9990234375,
    0.9996744791666666,
    0.9990234375
  ],
  "val_loss": [
    1.1637492129183191,
    0.9092904697253009,
    0.8917709973853404,
    0.9052893452756987,
    0.947048539721121,
    0.9850555749390069,
    1.0735357179416447,
    1.1302233680965394,
    1.1680005403954212,
    1.2141802224587268,
    1.2300744871454914,
    1.2690608254567846,
    1.3748833598114374,
    1.3731162451383636,
    1.3480574483007897,
    1.361461703889952,
    1.3465480950873667,
    1.3369498056689586,
    1.4041356734403474,
    1.313672617946084,
    1.34449734500074,
    1.3435922716546247,
    1.2951410058915145,
    1.3896478956139933,
    1.4205720567327784,
    1.4168291681394802,
    1.4231307378904088,
    1.3927433573354886,
    1.4219122989909856,
    1.465298644764217,
    1.482264928179463,
    1.417917717723396,
    1.4798765340189295,
    1.4781519628885225,
    1.4965729833587886,
    1.531227577765157,
    1.5399983528092152,
    1.5815571007766123,
    1.5176746999184916,
    1.522276376926993,
    1.5616823588769266,
    1.5104045060675915,
    1.5906839335058618,
    1.5648566232891534,
    1.5596386637274675,
    1.5452322556277898,
    1.5064964356384878,
    1.5128478891267552,
    1.5855378881214173,
    1.532000719843887
  ],
  "val_acc": [
    0.5448818897637795,
    0.6488188976377953,
    0.6803149606299213,
    0.6787401574803149,
    0.6803149606299213,
    0.7007874015748031,
    0.6771653543307087,
    0.6913385826771653,
    0.6803149606299213,
    0.6708661417322834,
    0.6708661417322834,
    0.6677165354330709,
    0.6645669291338583,
    0.6677165354330709,
    0.6771653543307087,
    0.6803149606299213,
    0.6692913385826772,
    0.6787401574803149,
    0.6677165354330709,
    0.6960629921259842,
    0.6897637795275591,
    0.6913385826771653,
    0.6960629921259842,
    0.6929133858267716,
    0.6913385826771653,
    0.6913385826771653,
    0.6755905511811023,
    0.6913385826771653,
    0.6803149606299213,
    0.6850393700787402,
    0.6724409448818898,
    0.6834645669291338,
    0.6771653543307087,
    0.6661417322834645,
    0.6755905511811023,
    0.6677165354330709,
    0.6677165354330709,
    0.6503937007874016,
    0.658267716535433,
    0.6692913385826772,
    0.6488188976377953,
    0.6503937007874016,
    0.658267716535433,
    0.6456692913385826,
    0.6535433070866141,
    0.6488188976377953,
    0.658267716535433,
    0.662992125984252,
    0.6598425196850394,
    0.662992125984252
  ],
  "lr": [
    0.0001,
    9.990133642141359e-05,
    9.96057350657239e-05,
    9.911436253643444e-05,
    9.842915805643155e-05,
    9.755282581475769e-05,
    9.648882429441257e-05,
    9.524135262330098e-05,
    9.381533400219317e-05,
    9.221639627510075e-05,
    9.045084971874735e-05,
    8.852566213878945e-05,
    8.644843137107056e-05,
    8.422735529643442e-05,
    8.187119948743447e-05,
    7.938926261462366e-05,
    7.679133974894982e-05,
    7.408768370508575e-05,
    7.128896457825361e-05,
    6.840622763423389e-05,
    6.545084971874736e-05,
    6.243449435824272e-05,
    5.9369065729286224e-05,
    5.626666167821521e-05,
    5.3139525976465657e-05,
    4.999999999999998e-05,
    4.6860474023534314e-05,
    4.3733338321784775e-05,
    4.063093427071375e-05,
    3.756550564175724e-05,
    3.454915028125263e-05,
    3.1593772365766105e-05,
    2.8711035421746357e-05,
    2.591231629491422e-05,
    2.3208660251050148e-05,
    2.061073738537634e-05,
    1.8128800512565503e-05,
    1.5772644703565555e-05,
    1.3551568628929426e-05,
    1.1474337861210536e-05,
    9.549150281252626e-06,
    7.783603724899252e-06,
    6.184665997806817e-06,
    4.75864737669903e-06,
    3.5111757055874303e-06,
    2.4471741852423216e-06,
    1.5708419435684504e-06,
    8.856374635655631e-07,
    3.942649342761114e-07,
    9.866357858642197e-08
  ]
}